,churned1,CLIENTNUM,Months_on_book,Gender,Card_Category,Income_Category,Customer_Age,Marital_Status,Credit_Limit
21,1,708508758,49,F,Blue,Less than $40K,62,Married,1438.3
23,1,811604133,36,F,Blue,Less than $40K,47,Single,2492.0
24,1,789124683,42,M,Blue,$80K - $120K,54,Married,12217.0
37,1,785432733,36,F,Gold,Less than $40K,42,Married,15433.0
40,1,827111283,41,M,Blue,$80K - $120K,45,Single,32426.0
51,1,779471883,40,F,Blue,Less than $40K,54,Married,1438.3
54,1,714374133,36,M,Blue,$120K +,56,Married,15769.0
61,1,712030833,35,M,Silver,$60K - $80K,48,Married,34516.0
63,1,710082708,32,M,Blue,$120K +,44,Single,23957.0
71,1,720096558,42,F,Blue,Less than $40K,55,Married,2216.0
82,1,711013983,45,F,Blue,$40K - $60K,55,Married,2158.0
87,1,711743883,35,F,Blue,Less than $40K,43,Single,4026.0
90,1,717539808,36,F,Blue,Less than $40K,51,Single,9930.0
92,1,714107958,36,M,Blue,$40K - $60K,45,Single,6576.0
96,1,772629333,35,M,Blue,$40K - $60K,45,Married,3454.0
99,1,711887583,37,M,Blue,$80K - $120K,47,Married,5449.0
105,1,716657058,33,F,Blue,Less than $40K,43,Married,8358.0
118,1,721074183,36,M,Blue,$60K - $80K,49,Married,24159.0
120,1,718414008,36,M,Blue,$120K +,50,Single,34516.0
125,1,711318033,36,M,Blue,$60K - $80K,47,Single,2926.0
127,1,720201033,41,M,Blue,$80K - $120K,53,Married,11669.0
140,1,789322833,38,F,Blue,Less than $40K,48,Married,8025.0
143,1,718744008,36,F,Blue,Less than $40K,59,Single,6335.0
144,1,767712558,53,M,Blue,$60K - $80K,59,Single,14979.0
145,1,712950783,38,F,Blue,Less than $40K,48,Married,2732.0
152,1,712215258,31,F,Silver,$40K - $60K,50,Single,18386.0
155,1,713786508,36,F,Blue,$40K - $60K,42,Married,2038.0
163,1,714791208,41,F,Blue,Less than $40K,47,Divorced,3482.0
172,1,708953883,36,M,Blue,$80K - $120K,53,Married,3212.0
179,1,710829108,36,F,Blue,$40K - $60K,59,Married,3356.0
195,1,720476733,34,F,Blue,Less than $40K,47,Married,6028.0
198,1,708868233,52,M,Blue,Less than $40K,68,Married,1438.3
206,1,719808558,43,F,Blue,Less than $40K,55,Married,1438.3
207,1,711551958,46,M,Blue,$60K - $80K,59,Married,1438.3
215,1,713837058,36,M,Blue,Less than $40K,48,Single,2571.0
226,1,769425858,32,M,Blue,$60K - $80K,45,Single,1438.3
229,1,758348808,44,M,Blue,$120K +,51,Married,34516.0
230,1,772336458,50,F,Blue,$40K - $60K,60,Married,1438.3
236,1,720997383,36,M,Blue,$80K - $120K,52,Married,1857.0
242,1,821797008,45,M,Blue,$40K - $60K,49,Married,1438.3
243,1,708874533,36,F,Blue,Less than $40K,45,Married,3387.0
247,1,712125258,30,M,Blue,$120K +,46,Married,2442.0
253,1,772390908,48,M,Blue,$40K - $60K,59,Single,3616.0
254,1,787348608,56,M,Blue,Less than $40K,70,Married,3252.0
261,1,778867533,40,F,Blue,$40K - $60K,59,Married,1438.3
268,1,771809733,53,F,Blue,$40K - $60K,64,Married,3353.0
276,1,719211558,36,M,Blue,$60K - $80K,45,Single,3401.0
286,1,720272958,36,M,Blue,$120K +,48,Married,27126.0
290,1,715120608,37,M,Blue,$60K - $80K,44,Single,14546.0
299,1,754897008,39,M,Blue,$40K - $60K,46,Single,9432.0
308,1,721425558,37,M,Blue,$120K +,52,Single,14543.0
314,1,708330858,38,M,Blue,$120K +,57,Married,8249.0
321,1,789270033,37,M,Silver,$80K - $120K,48,Single,34516.0
330,1,770590758,29,F,Blue,$40K - $60K,43,Single,3378.0
343,1,714871683,36,M,Blue,$40K - $60K,58,Married,1438.3
345,1,716984658,39,M,Blue,$120K +,49,Married,34516.0
364,1,716568708,36,F,Blue,Less than $40K,47,Married,2726.0
365,1,828281733,39,M,Blue,$120K +,43,Married,14881.0
370,1,719091333,36,M,Blue,$60K - $80K,52,Married,22720.0
379,1,716455683,36,F,Gold,Less than $40K,40,Single,15534.0
401,1,717354558,40,M,Blue,$120K +,57,Married,3106.0
406,1,714639783,34,M,Blue,$60K - $80K,42,Married,13450.0
419,1,753606108,49,M,Blue,$60K - $80K,56,Single,1438.3
420,1,710940183,38,F,Blue,Less than $40K,49,Married,2185.0
425,1,790099758,33,M,Blue,$40K - $60K,40,Married,6884.0
428,1,713134458,43,M,Blue,$120K +,54,Married,13219.0
429,1,712159083,46,F,Blue,Less than $40K,58,Married,2536.0
445,1,767695083,44,M,Blue,$80K - $120K,50,Married,4589.0
446,1,711791583,40,F,Blue,Less than $40K,52,Single,2317.0
450,1,718349058,39,M,Blue,$80K - $120K,49,Married,29659.0
451,1,789842283,42,M,Blue,$60K - $80K,54,Married,4320.0
452,1,714513033,36,F,Blue,$40K - $60K,39,Single,11213.0
455,1,719418933,36,M,Blue,$80K - $120K,53,Married,4503.0
473,1,767294658,50,M,Blue,$120K +,56,Single,16867.0
475,1,708241233,47,F,Blue,Less than $40K,52,Single,2972.0
482,1,715878183,35,M,Blue,$80K - $120K,46,Single,18325.0
489,1,718768158,48,M,Blue,$40K - $60K,57,Single,3539.0
510,1,713217858,32,F,Blue,Less than $40K,38,Single,2264.0
522,1,779610033,47,M,Blue,$80K - $120K,58,Married,12151.0
537,1,721417233,25,M,Blue,$60K - $80K,45,Married,1438.3
544,1,709103358,36,F,Blue,Less than $40K,39,Single,9476.0
548,1,769137108,37,F,Blue,Less than $40K,43,Married,1438.3
549,1,717640083,36,M,Blue,$60K - $80K,59,Married,6705.0
559,1,794977533,56,M,Blue,$60K - $80K,62,Married,8077.0
564,1,752604633,50,M,Blue,$40K - $60K,57,Married,6462.0
568,1,711242058,36,M,Blue,$80K - $120K,48,Single,11862.0
575,1,721379433,28,M,Blue,$60K - $80K,44,Married,11338.0
580,1,718121658,44,M,Blue,$60K - $80K,56,Married,1704.0
581,1,711593808,46,M,Blue,$60K - $80K,55,Married,1438.3
583,1,718731183,49,M,Blue,$40K - $60K,61,Married,5472.0
593,1,713865333,38,F,Blue,Less than $40K,45,Married,4908.0
594,1,797707008,38,F,Blue,Less than $40K,44,Married,7222.0
596,1,720370533,44,M,Blue,$60K - $80K,55,Married,2323.0
597,1,779743908,29,M,Blue,$60K - $80K,44,Divorced,7788.0
598,1,718675158,36,F,Blue,Less than $40K,55,Married,1438.3
604,1,720605808,36,F,Blue,Less than $40K,53,Single,1438.3
606,1,711028308,36,F,Blue,Less than $40K,44,Married,1717.0
613,1,714495258,36,M,Blue,Less than $40K,26,Single,1438.3
624,1,770724558,28,M,Blue,$60K - $80K,42,Married,7340.0
626,1,719309958,35,M,Blue,$80K - $120K,55,Single,20865.0
629,1,711757383,42,F,Blue,Less than $40K,50,Married,2240.0
645,1,716924058,49,F,Blue,$40K - $60K,58,Married,6175.0
649,1,718939083,45,F,Blue,Less than $40K,54,Married,1438.3
653,1,712979133,41,M,Blue,$80K - $120K,55,Married,27560.0
657,1,720071583,36,F,Blue,Less than $40K,48,Married,7151.0
659,1,812420358,56,F,Blue,Less than $40K,61,Married,2122.0
665,1,715884858,36,M,Blue,$80K - $120K,38,Married,2407.0
669,1,785114808,40,M,Silver,$40K - $60K,46,Single,15459.0
670,1,709852908,36,F,Blue,Less than $40K,44,Single,4307.0
673,1,827108583,51,M,Blue,$120K +,55,Single,34516.0
677,1,798792408,42,M,Blue,$80K - $120K,48,Married,9959.0
681,1,713943783,32,M,Blue,$60K - $80K,41,Married,18001.0
689,1,711204483,46,M,Blue,$60K - $80K,56,Married,2340.0
691,1,713945883,52,F,Blue,Less than $40K,62,Married,2490.0
717,1,789513858,35,M,Blue,$40K - $60K,43,Married,1438.3
718,1,778357458,24,F,Blue,Less than $40K,44,Single,2003.0
727,1,771963708,45,M,Blue,$60K - $80K,56,Married,12248.0
734,1,778506633,23,F,Blue,Less than $40K,43,Married,7706.0
740,1,721517208,30,M,Blue,Less than $40K,41,Married,2450.0
749,1,711668283,37,M,Blue,$80K - $120K,48,Married,30948.0
752,1,713530833,48,M,Blue,$40K - $60K,58,Married,4085.0
764,1,716991933,35,F,Blue,Less than $40K,53,Single,9786.0
771,1,715271733,37,F,Blue,Less than $40K,50,Single,8520.0
772,1,771706308,34,M,Blue,$80K - $120K,46,Single,14310.0
785,1,712373208,35,M,Blue,$60K - $80K,43,Single,3312.0
810,1,708455883,36,M,Blue,$80K - $120K,57,Single,10244.0
813,1,763895958,46,M,Blue,$120K +,53,Married,7474.0
816,1,711927108,36,M,Blue,$80K - $120K,54,Married,9457.0
822,1,793889508,42,F,Blue,$40K - $60K,48,Married,4076.0
834,1,711147483,28,F,Blue,Less than $40K,46,Single,8551.0
836,1,715168983,36,F,Blue,Less than $40K,47,Married,7051.0
844,1,712672083,36,F,Blue,Less than $40K,65,Married,1438.3
846,1,720990183,36,M,Blue,$60K - $80K,54,Married,14539.0
848,1,721250358,36,M,Blue,$40K - $60K,50,Married,5426.0
866,1,711809283,36,M,Blue,Less than $40K,31,Married,1868.0
872,1,714472608,49,M,Blue,Less than $40K,59,Married,4250.0
880,1,816600933,51,M,Blue,$80K - $120K,56,Married,14501.0
881,1,714208533,36,M,Blue,$60K - $80K,43,Married,8663.0
901,1,712523283,41,M,Blue,$120K +,55,Married,14938.0
903,1,708134283,36,M,Blue,Less than $40K,35,Married,3131.0
905,1,708983658,39,M,Blue,$120K +,51,Single,16868.0
921,1,778663458,47,M,Blue,Less than $40K,65,Married,1759.0
922,1,716024808,36,M,Blue,$80K - $120K,57,Married,4829.0
924,1,794831733,39,F,Blue,Less than $40K,45,Married,2156.0
935,1,721249158,30,M,Blue,$60K - $80K,42,Single,6414.0
958,1,721051908,33,M,Blue,$60K - $80K,45,Single,7552.0
1002,1,778706508,24,M,Blue,$60K - $80K,43,Married,6231.0
1005,1,772532208,41,F,Blue,Less than $40K,51,Married,6630.0
1006,1,778929783,22,M,Blue,$80K - $120K,40,Divorced,1925.0
1014,1,789886533,44,F,Blue,Less than $40K,54,Married,3947.0
1025,1,713053383,36,M,Blue,$80K - $120K,42,Married,34516.0
1036,1,803595858,51,F,Blue,$40K - $60K,56,Married,1438.3
1039,1,709465758,53,F,Blue,Less than $40K,62,Married,1438.3
1043,1,710754933,49,F,Blue,Less than $40K,61,Married,1438.3
1046,1,718362783,27,M,Blue,$80K - $120K,35,Married,12643.0
1048,1,708856983,27,M,Blue,$120K +,36,Married,13873.0
1066,1,721265883,13,M,Blue,Less than $40K,26,Single,2174.0
1074,1,717412608,28,F,Blue,$40K - $60K,38,Married,7225.0
1079,1,719392833,38,F,Blue,Less than $40K,45,Married,2400.0
1083,1,711999783,31,M,Blue,$80K - $120K,41,Married,4740.0
1090,1,720848733,24,M,Blue,$80K - $120K,38,Married,13363.0
1119,1,784798683,32,M,Blue,$40K - $60K,38,Married,1438.3
1120,1,710899833,18,M,Blue,$40K - $60K,36,Married,7758.0
1138,1,789198708,47,M,Blue,$120K +,58,Married,27088.0
1142,1,712207683,36,M,Blue,Less than $40K,38,Divorced,5155.0
1155,1,713693958,27,F,Blue,Less than $40K,38,Single,8638.0
1157,1,770769483,21,M,Blue,$40K - $60K,35,Married,2256.0
1161,1,779216358,38,M,Blue,$80K - $120K,48,Married,2111.0
1168,1,712924383,36,M,Blue,$60K - $80K,55,Single,8411.0
1171,1,715702758,36,F,Blue,Less than $40K,38,Married,1860.0
1175,1,713834358,25,F,Blue,Less than $40K,36,Married,4701.0
1184,1,783020958,33,M,Blue,$80K - $120K,39,Married,18582.0
1186,1,798110358,56,F,Blue,$40K - $60K,64,Married,1438.3
1192,1,718561458,36,M,Blue,$60K - $80K,54,Married,20050.0
1209,1,712072908,36,M,Blue,$80K - $120K,48,Single,2852.0
1217,1,778399008,30,M,Blue,$80K - $120K,50,Married,4252.0
1220,1,718726833,28,M,Blue,$80K - $120K,39,Married,3327.0
1239,1,719358333,28,M,Blue,$40K - $60K,36,Married,2157.0
1250,1,720445533,53,F,Blue,Less than $40K,60,Married,3346.0
1251,1,809951133,49,M,Blue,$120K +,54,Single,34516.0
1260,1,715074258,36,F,Blue,$40K - $60K,26,Single,3930.0
1269,1,751487358,32,F,Blue,Less than $40K,39,Married,3221.0
1270,1,712742808,29,F,Blue,Less than $40K,41,Married,3022.0
1272,1,794649858,39,F,Blue,Less than $40K,58,Married,2210.0
1282,1,788862333,23,F,Blue,Less than $40K,38,Married,5645.0
1284,1,793550958,41,F,Blue,Less than $40K,47,Married,1438.3
1295,1,789262683,49,M,Blue,$40K - $60K,60,Divorced,3012.0
1302,1,715973583,36,M,Blue,$120K +,56,Married,34516.0
1305,1,788210583,54,M,Blue,$40K - $60K,62,Married,1438.3
1307,1,786557358,38,F,Blue,Less than $40K,44,Married,3242.0
1308,1,768460908,53,M,Blue,$40K - $60K,59,Single,6035.0
1311,1,713206683,22,M,Silver,$80K - $120K,40,Single,34516.0
1328,1,778388358,36,M,Blue,$60K - $80K,56,Single,4742.0
1333,1,716522583,36,F,Blue,Less than $40K,48,Divorced,2335.0
1342,1,718136283,36,M,Blue,$80K - $120K,52,Single,22103.0
1343,1,778855383,17,F,Blue,Less than $40K,36,Married,1438.3
1344,1,779722308,30,F,Blue,$40K - $60K,45,Married,12355.0
1351,1,787515333,29,M,Blue,$80K - $120K,40,Married,3616.0
1357,1,772155108,51,F,Blue,Less than $40K,62,Married,1438.3
1358,1,798796233,31,F,Blue,$40K - $60K,37,Married,1586.0
1359,1,815472108,37,M,Blue,$40K - $60K,42,Single,2247.0
1384,1,709855608,36,F,Blue,Less than $40K,46,Married,1438.3
1394,1,711840408,55,M,Blue,Less than $40K,64,Married,2492.0
1406,1,708913233,28,M,Blue,$40K - $60K,37,Married,3601.0
1412,1,779138883,34,M,Blue,$60K - $80K,50,Married,4702.0
1416,1,711048783,29,M,Blue,$80K - $120K,41,Married,33405.0
1430,1,709707033,32,M,Blue,$60K - $80K,45,Single,13162.0
1446,1,721062408,34,M,Blue,$40K - $60K,54,Divorced,6387.0
1453,1,715543908,43,F,Blue,Less than $40K,52,Married,2147.0
1461,1,720666333,24,M,Blue,$120K +,36,Married,24577.0
1466,1,708927108,36,M,Blue,$120K +,53,Married,12778.0
1467,1,717831783,45,F,Blue,Less than $40K,58,Married,1942.0
1469,1,710813733,35,M,Silver,$60K - $80K,48,Married,33791.0
1477,1,711772008,22,F,Blue,Less than $40K,35,Single,1890.0
1501,1,780276258,39,M,Blue,$120K +,53,Married,13091.0
1508,1,719227233,36,F,Blue,Less than $40K,27,Single,1553.0
1513,1,710391258,36,M,Blue,$40K - $60K,27,Married,11473.0
1515,1,779696883,33,M,Blue,$60K - $80K,48,Divorced,2998.0
1518,1,772468983,26,M,Blue,$80K - $120K,36,Married,21927.0
1529,1,711006783,22,F,Blue,Less than $40K,38,Single,2484.0
1532,1,715216908,36,M,Blue,$80K - $120K,48,Single,18102.0
1541,1,713346558,37,M,Blue,$60K - $80K,45,Divorced,6784.0
1558,1,718418958,36,M,Blue,Less than $40K,30,Divorced,5061.0
1565,1,808292958,20,M,Blue,Less than $40K,26,Single,1438.3
1568,1,717385983,21,M,Blue,Less than $40K,30,Married,2490.0
1576,1,821179233,46,F,Blue,$40K - $60K,50,Single,1493.0
1580,1,771086208,44,F,Blue,Less than $40K,57,Married,6256.0
1582,1,813752433,38,F,Blue,Less than $40K,43,Single,4075.0
1612,1,758583708,24,F,Blue,Less than $40K,37,Single,2802.0
1613,1,717130383,36,M,Blue,$60K - $80K,50,Married,2334.0
1615,1,716797758,44,F,Blue,Less than $40K,53,Married,3519.0
1625,1,713536158,56,M,Blue,Less than $40K,65,Married,4189.0
1628,1,721003008,24,F,Blue,Less than $40K,36,Married,3261.0
1633,1,720668358,46,M,Blue,$40K - $60K,59,Single,1648.0
1634,1,778708533,13,F,Blue,$40K - $60K,26,Single,1730.0
1642,1,716529258,27,M,Blue,$80K - $120K,42,Married,31864.0
1645,1,717100833,27,F,Blue,Less than $40K,37,Married,3148.0
1649,1,720122808,35,M,Silver,$60K - $80K,52,Married,33180.0
1655,1,713259858,15,M,Blue,$40K - $60K,26,Single,3324.0
1665,1,716053083,21,M,Blue,$120K +,33,Married,27992.0
1668,1,772086408,27,M,Blue,$80K - $120K,38,Single,6162.0
1680,1,795237183,45,F,Blue,$40K - $60K,51,Married,5930.0
1682,1,709635858,45,F,Blue,Less than $40K,56,Married,2235.0
1693,1,709537683,30,M,Blue,$80K - $120K,37,Married,11638.0
1695,1,720241758,36,M,Blue,$80K - $120K,55,Married,8276.0
1707,1,790145733,33,M,Silver,$80K - $120K,40,Single,34516.0
1711,1,812788233,21,F,Blue,Less than $40K,31,Married,6315.0
1723,1,808681158,52,M,Blue,$80K - $120K,57,Married,2564.0
1731,1,713577483,35,M,Blue,$80K - $120K,47,Married,5589.0
1735,1,720231108,39,M,Blue,Less than $40K,57,Single,3451.0
1740,1,780078333,41,M,Blue,$60K - $80K,56,Married,5887.0
1742,1,719818983,28,M,Blue,$80K - $120K,39,Divorced,12464.0
1746,1,820288233,20,F,Blue,Less than $40K,26,Single,1438.3
1752,1,804668658,20,F,Blue,Less than $40K,26,Single,1438.3
1761,1,712757808,22,F,Blue,Less than $40K,33,Married,1544.0
1764,1,708741633,44,M,Blue,$60K - $80K,52,Married,4153.0
1767,1,787570758,26,M,Blue,$120K +,35,Married,2944.0
1782,1,712392108,36,M,Blue,$60K - $80K,51,Married,10305.0
1792,1,715760733,47,M,Blue,$40K - $60K,58,Married,7803.0
1794,1,720610008,50,M,Blue,$120K +,59,Married,15796.0
1798,1,813573333,55,M,Blue,Less than $40K,60,Married,2661.0
1809,1,717138558,16,M,Blue,$40K - $60K,28,Married,3665.0
1818,1,771028533,35,F,Silver,Less than $40K,48,Married,10357.0
1820,1,719854008,36,M,Blue,$40K - $60K,47,Single,5154.0
1827,1,819610908,33,M,Blue,$80K - $120K,38,Single,32938.0
1830,1,816013383,56,F,Blue,Less than $40K,65,Divorced,6184.0
1836,1,710844408,36,M,Blue,$60K - $80K,38,Married,2584.0
1852,1,721344858,13,M,Blue,Less than $40K,26,Single,2237.0
1857,1,713992158,36,F,Blue,Less than $40K,57,Married,2159.0
1860,1,785011383,30,F,Blue,$40K - $60K,36,Divorced,2190.0
1864,1,716382708,36,F,Blue,Less than $40K,46,Single,8309.0
1867,1,711224733,27,M,Blue,$120K +,32,Married,22382.0
1870,1,720673008,38,F,Blue,Less than $40K,49,Divorced,1652.0
1874,1,717648783,51,M,Blue,$80K - $120K,63,Married,6922.0
1876,1,819409608,34,F,Blue,Less than $40K,39,Married,2594.0
1878,1,791856033,39,M,Blue,$80K - $120K,45,Divorced,34516.0
1880,1,716448783,39,F,Blue,$40K - $60K,48,Married,6235.0
1887,1,804840033,38,M,Blue,$60K - $80K,45,Married,16611.0
1892,1,817686633,15,F,Blue,Less than $40K,26,Single,1438.3
1895,1,803132733,48,F,Blue,Less than $40K,54,Married,6814.0
1905,1,708892833,30,M,Blue,$120K +,37,Married,13662.0
1915,1,710251608,54,F,Blue,Less than $40K,62,Married,2941.0
1916,1,710633808,13,M,Blue,$60K - $80K,26,Single,7102.0
1917,1,719318583,26,M,Blue,Less than $40K,37,Married,6866.0
1918,1,819202533,52,M,Blue,$80K - $120K,57,Married,10378.0
1922,1,788965683,36,F,Blue,Less than $40K,49,Married,1438.3
1943,1,711782733,36,M,Blue,$40K - $60K,55,Married,3097.0
1953,1,711357858,36,F,Blue,Less than $40K,47,Single,7246.0
1959,1,719243808,20,F,Blue,Less than $40K,33,Married,3792.0
1960,1,772202058,53,M,Blue,Less than $40K,64,Married,2084.0
1968,1,711816108,29,M,Blue,$80K - $120K,40,Single,18563.0
1969,1,717105258,36,F,Blue,Less than $40K,37,Married,3992.0
1982,1,714151533,46,F,Blue,$40K - $60K,55,Married,4589.0
1999,1,789777408,15,F,Blue,Less than $40K,26,Single,1442.0
2005,1,718577958,26,M,Blue,$120K +,39,Married,8906.0
2007,1,789987183,45,M,Blue,$80K - $120K,53,Married,21953.0
2018,1,819258408,42,F,Blue,Less than $40K,47,Single,2224.0
2019,1,717664008,19,M,Blue,$60K - $80K,37,Married,3100.0
2023,1,716129208,36,M,Blue,$40K - $60K,37,Married,2031.0
2025,1,709839858,39,F,Blue,Less than $40K,58,Married,4608.0
2032,1,711562833,24,M,Blue,$80K - $120K,35,Married,12634.0
2040,1,713108433,40,M,Blue,$80K - $120K,53,Married,6052.0
2043,1,720181758,22,M,Blue,$120K +,37,Married,8654.0
2077,1,720427683,46,M,Blue,$120K +,58,Single,16163.0
2081,1,752085108,29,F,Blue,$40K - $60K,39,Married,4955.0
2088,1,712187808,15,M,Blue,$40K - $60K,27,Married,3682.0
2092,1,716647983,53,F,Blue,Less than $40K,58,Married,7712.0
2098,1,711692508,47,F,Blue,Less than $40K,54,Married,1438.3
2109,1,717930483,25,M,Blue,$120K +,37,Single,5616.0
2122,1,715651833,36,M,Blue,Less than $40K,65,Single,2351.0
2126,1,715517733,39,F,Silver,Less than $40K,46,Single,13092.0
2141,1,714770808,42,M,Blue,Less than $40K,59,Married,4328.0
2145,1,719273733,36,M,Blue,$60K - $80K,37,Married,7959.0
2154,1,715843533,36,M,Blue,$40K - $60K,26,Single,2703.0
2159,1,815845758,51,F,Blue,Less than $40K,56,Married,1438.3
2162,1,778693458,13,M,Blue,$60K - $80K,32,Divorced,12616.0
2170,1,714460683,56,M,Blue,Less than $40K,65,Married,3838.0
2174,1,712551258,36,M,Blue,Less than $40K,39,Married,4247.0
2182,1,711574008,21,M,Blue,$80K - $120K,32,Single,21390.0
2185,1,709564683,22,M,Blue,$40K - $60K,32,Married,4739.0
2186,1,772292358,19,M,Blue,Less than $40K,30,Divorced,7970.0
2196,1,718435158,40,M,Blue,$120K +,50,Married,34516.0
2214,1,813200058,56,M,Blue,$40K - $60K,63,Married,6500.0
2221,1,713104458,31,M,Blue,$40K - $60K,46,Single,7869.0
2223,1,715366083,36,F,Blue,Less than $40K,52,Single,1438.3
2228,1,716244033,33,M,Blue,$40K - $60K,44,Married,7266.0
2238,1,711734508,47,M,Blue,$80K - $120K,55,Married,9959.0
2264,1,713533983,48,M,Blue,$120K +,56,Married,2585.0
2265,1,787463508,13,M,Blue,Less than $40K,26,Single,2469.0
2271,1,778381608,28,M,Blue,$80K - $120K,48,Single,6572.0
2289,1,773082033,27,M,Blue,$80K - $120K,35,Married,25516.0
2292,1,709164408,23,M,Blue,Less than $40K,32,Married,2218.0
2294,1,719427333,36,M,Blue,$60K - $80K,55,Married,2252.0
2296,1,709785783,25,F,Blue,Less than $40K,35,Single,2300.0
2325,1,808909008,56,M,Blue,Less than $40K,61,Married,1438.3
2328,1,720185058,36,M,Blue,$60K - $80K,46,Married,4267.0
2340,1,710241858,31,F,Blue,Less than $40K,39,Married,2890.0
2344,1,716029158,36,M,Blue,$60K - $80K,59,Married,4230.0
2357,1,708664008,45,M,Blue,$80K - $120K,57,Married,14270.0
2403,1,719470458,39,M,Blue,$80K - $120K,46,Single,4026.0
2414,1,714412308,36,M,Blue,$80K - $120K,33,Married,7140.0
2419,1,721467258,36,M,Blue,$40K - $60K,58,Married,2165.0
2432,1,798022683,37,M,Blue,$80K - $120K,43,Married,25517.0
2464,1,779174133,43,M,Blue,$120K +,56,Married,5188.0
2477,1,790004883,47,M,Blue,$80K - $120K,55,Married,2938.0
2501,1,788783133,39,F,Blue,Less than $40K,58,Married,6679.0
2509,1,771649083,51,M,Blue,$80K - $120K,63,Married,10257.0
2518,1,717124983,43,F,Blue,$40K - $60K,62,Married,4760.0
2521,1,709897983,24,F,Blue,$40K - $60K,35,Married,2655.0
2551,1,773270058,50,M,Blue,$80K - $120K,57,Married,13427.0
2554,1,720693033,36,M,Blue,$60K - $80K,33,Married,8925.0
2575,1,772935108,38,M,Silver,$80K - $120K,47,Divorced,34516.0
2577,1,721502958,42,M,Blue,$120K +,54,Married,3251.0
2619,1,789963033,45,F,Blue,Less than $40K,54,Single,1438.3
2633,1,719336583,44,M,Blue,$120K +,55,Married,27745.0
2643,1,709121283,36,M,Blue,Less than $40K,54,Married,1556.0
2671,1,827984658,45,M,Blue,$80K - $120K,49,Married,23870.0
2680,1,716331408,36,F,Blue,Less than $40K,52,Married,2143.0
2686,1,787430733,41,F,Blue,$40K - $60K,56,Married,2771.0
2710,1,789266208,45,M,Blue,$80K - $120K,56,Married,5920.0
2739,1,710524533,36,F,Blue,$40K - $60K,38,Married,4913.0
2754,1,711291558,36,M,Blue,$60K - $80K,27,Single,2464.0
2768,1,716875083,36,F,Blue,$40K - $60K,26,Single,4152.0
2785,1,709413933,40,M,Blue,$40K - $60K,56,Single,2381.0
2808,1,721385433,51,M,Blue,Less than $40K,64,Married,2787.0
2815,1,820020258,46,F,Blue,$40K - $60K,55,Single,5379.0
2826,1,787460883,28,M,Blue,$40K - $60K,41,Married,11091.0
2846,1,711835758,42,M,Blue,$120K +,50,Married,34516.0
2849,1,709206333,30,F,Blue,$40K - $60K,44,Single,4333.0
2870,1,772273983,37,M,Blue,$40K - $60K,48,Single,5268.0
2873,1,719902908,36,M,Blue,$80K - $120K,51,Married,5130.0
2875,1,708193008,30,M,Blue,$80K - $120K,41,Single,14480.0
2892,1,709163358,32,M,Gold,$60K - $80K,41,Single,34516.0
2898,1,719836083,36,M,Blue,$60K - $80K,54,Married,7477.0
2946,1,771073908,48,M,Blue,$40K - $60K,62,Married,1438.3
2977,1,713110908,13,M,Blue,Less than $40K,30,Married,2607.0
2983,1,778908783,33,M,Blue,$80K - $120K,52,Married,27751.0
3011,1,708112008,36,M,Blue,$80K - $120K,56,Married,23510.0
3014,1,815062383,30,F,Blue,Less than $40K,35,Married,4549.0
3016,1,720725058,37,F,Blue,Less than $40K,51,Single,7176.0
3025,1,711935283,47,M,Blue,$80K - $120K,55,Single,1438.3
3026,1,716950758,36,M,Blue,$60K - $80K,46,Married,8017.0
3033,1,787565433,43,M,Blue,$80K - $120K,53,Married,4039.0
3086,1,720508233,42,M,Silver,$40K - $60K,62,Single,17161.0
3094,1,716387733,36,M,Blue,$60K - $80K,49,Single,5662.0
3123,1,788739633,16,M,Blue,$120K +,38,Married,2106.0
3134,1,715858008,39,F,Blue,$40K - $60K,49,Married,8061.0
3148,1,813053733,48,M,Blue,$120K +,53,Single,34516.0
3167,1,772000533,48,M,Blue,$60K - $80K,59,Married,14257.0
3168,1,811035483,42,M,Silver,$120K +,47,Divorced,34516.0
3171,1,807593058,36,F,Blue,$40K - $60K,41,Single,5317.0
3197,1,719099583,34,M,Blue,$40K - $60K,42,Married,1640.0
3199,1,710654808,36,M,Blue,$80K - $120K,46,Single,1818.0
3204,1,711196458,20,F,Blue,Less than $40K,38,Married,1621.0
3218,1,709224033,43,M,Blue,$60K - $80K,53,Single,13720.0
3227,1,804673308,44,M,Blue,$40K - $60K,49,Married,3893.0
3234,1,767784708,41,M,Blue,$60K - $80K,48,Married,7277.0
3285,1,717242058,39,F,Blue,Less than $40K,43,Married,3981.0
3306,1,721233033,38,M,Blue,$80K - $120K,50,Single,4915.0
3310,1,779502333,32,M,Silver,$120K +,50,Single,34516.0
3321,1,789964983,36,M,Blue,$40K - $60K,45,Divorced,9569.0
3328,1,709297608,26,M,Blue,$80K - $120K,38,Single,1438.3
3333,1,827055333,39,M,Blue,$40K - $60K,43,Single,8513.0
3354,1,714629358,34,F,Blue,$40K - $60K,54,Divorced,4948.0
3362,1,711538758,36,M,Blue,$60K - $80K,39,Single,24657.0
3363,1,719987733,38,F,Blue,$40K - $60K,51,Single,5026.0
3367,1,789713208,50,F,Blue,Less than $40K,62,Single,2936.0
3370,1,715371108,40,M,Blue,$80K - $120K,45,Married,3728.0
3376,1,796903083,36,F,Blue,$40K - $60K,47,Married,1438.3
3382,1,772137183,41,M,Blue,$120K +,52,Single,31668.0
3388,1,714973758,36,F,Blue,Less than $40K,50,Single,1438.3
3398,1,812449758,38,M,Blue,$60K - $80K,43,Single,12254.0
3418,1,815085708,55,F,Blue,$40K - $60K,60,Single,10882.0
3424,1,715485483,36,F,Blue,Less than $40K,39,Married,3664.0
3436,1,794560833,31,F,Blue,$40K - $60K,47,Married,5496.0
3437,1,718197108,36,M,Blue,$80K - $120K,54,Single,12342.0
3452,1,711079308,27,M,Blue,$60K - $80K,40,Married,15186.0
3472,1,711205758,33,M,Silver,$80K - $120K,45,Single,34516.0
3490,1,756629133,54,F,Blue,Less than $40K,61,Single,2721.0
3501,1,826471458,38,M,Blue,Less than $40K,42,Married,6967.0
3520,1,716944983,36,M,Blue,$120K +,61,Married,24172.0
3533,1,771776808,33,M,Blue,$40K - $60K,44,Married,1527.0
3555,1,789365508,39,M,Blue,$40K - $60K,49,Divorced,14839.0
3575,1,711843708,36,F,Blue,Less than $40K,61,Divorced,2125.0
3587,1,719604858,31,F,Blue,Less than $40K,45,Married,5941.0
3596,1,827117808,41,M,Blue,$60K - $80K,45,Single,9904.0
3597,1,804462633,38,F,Blue,Less than $40K,43,Divorced,7084.0
3626,1,814459833,37,F,Blue,Less than $40K,42,Single,8017.0
3638,1,737921733,55,F,Blue,Less than $40K,62,Single,1892.0
3653,1,714097683,49,F,Blue,$40K - $60K,55,Married,1809.0
3655,1,708121908,36,M,Blue,$80K - $120K,48,Married,22917.0
3660,1,709435533,41,F,Blue,Less than $40K,53,Single,3099.0
3667,1,719168883,34,F,Blue,Less than $40K,45,Single,5155.0
3687,1,715054683,42,M,Blue,$80K - $120K,50,Single,1645.0
3694,1,803028858,32,F,Blue,Less than $40K,38,Single,3775.0
3710,1,708170508,36,M,Blue,$60K - $80K,38,Married,1438.3
3718,1,719770158,49,F,Blue,Less than $40K,54,Single,8516.0
3726,1,716271183,37,F,Blue,Less than $40K,45,Single,8924.0
3732,1,816261858,56,M,Blue,$40K - $60K,61,Single,3984.0
3766,1,804415083,40,M,Blue,$60K - $80K,45,Married,4097.0
3772,1,711012783,36,M,Blue,$120K +,43,Single,33384.0
3788,1,713730933,36,F,Blue,Less than $40K,53,Married,1438.3
3795,1,712235433,36,F,Blue,Less than $40K,43,Single,2886.0
3798,1,714377058,36,F,Blue,Less than $40K,63,Single,1896.0
3800,1,708654933,42,F,Platinum,Less than $40K,51,Married,15987.0
3806,1,718735908,35,M,Blue,$120K +,47,Single,7015.0
3808,1,804833058,44,M,Blue,$80K - $120K,49,Single,4384.0
3820,1,719602908,34,F,Blue,$40K - $60K,42,Single,5667.0
3835,1,709713033,48,M,Blue,$80K - $120K,55,Single,6846.0
3837,1,708633783,30,M,Blue,$80K - $120K,43,Single,11336.0
3851,1,717840108,41,M,Blue,$80K - $120K,48,Married,4806.0
3859,1,715016508,36,F,Blue,$40K - $60K,42,Married,4527.0
3909,1,712812408,28,F,Blue,Less than $40K,40,Married,1535.0
3915,1,713585958,36,F,Blue,Less than $40K,48,Married,5997.0
3922,1,710493558,38,F,Blue,$40K - $60K,46,Married,1803.0
3936,1,773667708,44,M,Blue,$60K - $80K,50,Divorced,7050.0
3952,1,708386958,34,F,Blue,Less than $40K,47,Married,1561.0
3954,1,718220358,36,M,Blue,$120K +,58,Single,28618.0
3983,1,708834483,29,M,Blue,$80K - $120K,46,Married,17667.0
3988,1,720598308,37,M,Blue,$120K +,47,Single,34516.0
3994,1,712050933,32,M,Blue,$80K - $120K,48,Married,25190.0
4005,1,708687483,36,F,Silver,Less than $40K,54,Single,13626.0
4017,1,768256908,39,M,Blue,Less than $40K,45,Married,8580.0
4021,1,721451208,45,M,Silver,$60K - $80K,54,Single,30540.0
4030,1,718342158,26,F,Blue,Less than $40K,38,Single,4391.0
4033,1,711795633,52,M,Blue,Less than $40K,65,Single,3675.0
4034,1,716654808,39,M,Blue,$120K +,48,Single,24593.0
4036,1,716390958,31,M,Blue,$120K +,45,Married,26107.0
4037,1,716564433,36,F,Blue,Less than $40K,53,Single,4287.0
4068,1,772574283,40,F,Blue,$40K - $60K,50,Married,7191.0
4073,1,714972558,36,F,Blue,Less than $40K,37,Single,1610.0
4083,1,709709283,19,M,Blue,$40K - $60K,38,Single,3458.0
4085,1,780105483,50,F,Blue,Less than $40K,65,Single,1697.0
4087,1,715294083,38,M,Blue,$80K - $120K,46,Single,10309.0
4088,1,710905908,36,M,Blue,$60K - $80K,43,Single,4983.0
4108,1,720846558,36,M,Blue,$80K - $120K,49,Single,34516.0
4116,1,711588708,36,F,Blue,$40K - $60K,50,Married,1438.3
4117,1,714492783,36,F,Blue,Less than $40K,46,Married,1438.3
4142,1,772695033,37,M,Blue,$80K - $120K,47,Single,18800.0
4144,1,708831858,30,F,Blue,Less than $40K,43,Married,4579.0
4151,1,712901283,36,F,Blue,$40K - $60K,53,Single,2121.0
4153,1,718473558,18,F,Blue,Less than $40K,42,Single,8668.0
4160,1,709708233,29,F,Blue,Less than $40K,49,Married,7066.0
4163,1,709178733,36,F,Blue,$40K - $60K,50,Married,5527.0
4179,1,797234508,45,M,Silver,$60K - $80K,51,Single,30899.0
4192,1,715409733,36,F,Blue,Less than $40K,47,Single,2263.0
4202,1,709338633,37,F,Blue,$40K - $60K,56,Single,2339.0
4217,1,717195933,30,M,Blue,$60K - $80K,42,Married,5298.0
4224,1,708801108,51,F,Blue,Less than $40K,57,Single,1438.3
4246,1,711626658,36,F,Blue,Less than $40K,62,Single,1930.0
4255,1,714119283,34,F,Blue,$40K - $60K,42,Single,2516.0
4262,1,799239033,47,F,Blue,$40K - $60K,53,Single,1714.0
4270,1,715514133,31,F,Blue,Less than $40K,44,Married,2184.0
4272,1,794707083,44,M,Blue,$80K - $120K,50,Single,3495.0
4273,1,805313808,47,F,Blue,$40K - $60K,52,Married,8018.0
4274,1,772922883,22,M,Blue,$80K - $120K,41,Married,20543.0
4298,1,807584958,45,M,Blue,$60K - $80K,50,Married,21096.0
4341,1,710533233,29,F,Blue,Less than $40K,38,Married,1438.3
4344,1,716317458,36,F,Blue,Less than $40K,51,Single,4281.0
4358,1,717035283,37,M,Blue,$60K - $80K,46,Single,2445.0
4362,1,718110858,36,M,Blue,$40K - $60K,42,Married,1606.0
4366,1,803113383,49,F,Blue,Less than $40K,55,Single,3292.0
4382,1,712693908,31,M,Blue,$120K +,43,Married,13883.0
4388,1,811475733,48,F,Blue,$40K - $60K,53,Married,3339.0
4393,1,713788083,36,F,Blue,Less than $40K,28,Single,1624.0
4406,1,809599158,43,M,Silver,$80K - $120K,48,Single,34516.0
4414,1,709798908,32,F,Blue,Less than $40K,45,Single,2858.0
4417,1,708084558,38,M,Blue,$80K - $120K,46,Divorced,8258.0
4423,1,719038008,35,F,Blue,Less than $40K,48,Single,1705.0
4435,1,712783083,37,F,Blue,Less than $40K,48,Married,3607.0
4443,1,709444983,30,F,Blue,$40K - $60K,38,Single,2435.0
4445,1,769575783,41,F,Blue,Less than $40K,49,Married,1603.0
4451,1,712257258,36,F,Blue,Less than $40K,50,Single,1457.0
4474,1,778364583,25,F,Blue,Less than $40K,45,Married,5911.0
4486,1,713796033,42,M,Blue,$40K - $60K,47,Married,4738.0
4513,1,721365033,36,M,Blue,$40K - $60K,37,Single,1696.0
4527,1,802243458,42,M,Blue,$40K - $60K,48,Single,2760.0
4541,1,710552733,36,M,Blue,$60K - $80K,42,Married,4963.0
4561,1,714384783,36,F,Blue,Less than $40K,59,Married,2468.0
4562,1,713847858,36,F,Blue,Less than $40K,49,Divorced,1438.3
4567,1,810875958,46,F,Blue,Less than $40K,51,Married,2016.0
4569,1,718766058,36,M,Blue,$80K - $120K,56,Single,1438.3
4593,1,719328858,43,M,Blue,$60K - $80K,56,Married,4535.0
4603,1,718352358,35,F,Blue,Less than $40K,49,Married,1914.0
4615,1,778720533,37,F,Blue,Less than $40K,53,Married,1722.0
4631,1,820276908,37,F,Blue,$40K - $60K,42,Married,4139.0
4642,1,789502308,49,F,Blue,Less than $40K,57,Single,1551.0
4650,1,712864683,30,F,Blue,Less than $40K,42,Single,1438.3
4676,1,708804633,36,F,Blue,Less than $40K,44,Divorced,1916.0
4680,1,769438608,42,F,Blue,Less than $40K,48,Married,1942.0
4688,1,713608383,40,F,Blue,Less than $40K,54,Married,1438.3
4699,1,712807758,39,F,Blue,Less than $40K,47,Single,1438.3
4701,1,824140908,48,M,Blue,$120K +,52,Single,20974.0
4711,1,789358908,43,F,Blue,Less than $40K,53,Married,3573.0
4730,1,709170108,41,F,Blue,$40K - $60K,60,Single,2425.0
4731,1,716056158,51,M,Blue,$60K - $80K,63,Single,11619.0
4735,1,773228133,29,F,Blue,Less than $40K,39,Married,1677.0
4740,1,716625033,36,F,Blue,Less than $40K,32,Single,2761.0
4743,1,716782758,42,M,Blue,$60K - $80K,48,Single,19075.0
4748,1,708809283,33,F,Blue,$40K - $60K,41,Divorced,10360.0
4762,1,768624258,49,F,Blue,Less than $40K,55,Single,1583.0
4774,1,719174433,24,F,Blue,Less than $40K,36,Single,1735.0
4788,1,798481383,34,F,Blue,Less than $40K,40,Married,2694.0
4802,1,770024733,47,F,Blue,$40K - $60K,53,Single,1699.0
4824,1,713229633,30,F,Blue,$40K - $60K,45,Married,2759.0
4844,1,779320008,25,M,Blue,$80K - $120K,43,Married,2900.0
4856,1,788095158,44,M,Blue,$80K - $120K,52,Married,11606.0
4863,1,716855058,38,F,Blue,Less than $40K,49,Married,1757.0
4866,1,709500183,36,F,Blue,Less than $40K,46,Married,1804.0
4878,1,708117933,36,F,Blue,Less than $40K,44,Divorced,1880.0
4887,1,712706058,37,F,Blue,Less than $40K,44,Single,1491.0
4921,1,710674533,34,M,Blue,$60K - $80K,46,Married,15060.0
4926,1,717448383,28,M,Blue,$80K - $120K,41,Single,4428.0
4941,1,781320783,41,M,Blue,$80K - $120K,47,Divorced,4586.0
4951,1,709017258,36,F,Blue,Less than $40K,51,Married,2114.0
4952,1,709161108,33,M,Blue,$60K - $80K,44,Single,2540.0
4965,1,713283933,30,M,Blue,$40K - $60K,42,Married,3032.0
4966,1,714915633,36,M,Blue,$60K - $80K,42,Single,15699.0
4992,1,711918033,17,F,Blue,Less than $40K,37,Married,1468.0
4997,1,719495958,36,F,Blue,Less than $40K,42,Married,2983.0
4999,1,714726858,36,F,Blue,Less than $40K,31,Divorced,4871.0
5002,1,717172308,37,F,Blue,$40K - $60K,45,Married,3304.0
5009,1,804829533,54,M,Blue,$60K - $80K,59,Single,24621.0
5019,1,713041683,36,M,Blue,$120K +,55,Married,4697.0
5025,1,709663608,36,F,Blue,Less than $40K,43,Married,1536.0
5034,1,812411058,44,F,Blue,Less than $40K,49,Single,2094.0
5042,1,715609533,35,F,Blue,Less than $40K,47,Single,5398.0
5043,1,712160058,51,F,Blue,Less than $40K,59,Married,1438.3
5044,1,779130108,15,F,Blue,$40K - $60K,33,Single,1438.3
5057,1,710211783,26,F,Blue,Less than $40K,38,Married,1438.3
5064,1,780496833,43,F,Blue,Less than $40K,56,Single,2846.0
5066,1,789081408,32,F,Blue,Less than $40K,44,Single,1438.3
5085,1,807587433,51,F,Blue,Less than $40K,56,Married,1438.3
5102,1,713949858,36,F,Blue,Less than $40K,39,Married,1438.3
5107,1,779681433,31,F,Blue,$40K - $60K,48,Married,14899.0
5115,1,780038058,22,F,Blue,Less than $40K,38,Single,1556.0
5137,1,713696808,39,F,Blue,Less than $40K,46,Married,1801.0
5142,1,716600733,36,F,Blue,Less than $40K,47,Married,2033.0
5155,1,778959258,32,F,Blue,Less than $40K,51,Married,1438.3
5161,1,709145958,36,F,Blue,Less than $40K,43,Married,2440.0
5177,1,713492583,29,F,Blue,Less than $40K,34,Married,5845.0
5185,1,713114133,23,F,Blue,Less than $40K,42,Single,1443.0
5189,1,709495833,36,F,Blue,Less than $40K,44,Single,1438.3
5212,1,708681708,43,F,Blue,Less than $40K,51,Single,3245.0
5216,1,821724483,43,M,Blue,$40K - $60K,48,Single,11272.0
5236,1,709112508,36,F,Blue,Less than $40K,42,Single,3802.0
5239,1,718160358,39,F,Blue,Less than $40K,51,Married,1438.3
5251,1,826077033,42,F,Blue,Less than $40K,46,Married,2002.0
5253,1,715194183,36,F,Blue,Less than $40K,53,Single,2575.0
5265,1,780292683,41,M,Blue,$120K +,55,Single,24542.0
5275,1,711977508,43,F,Blue,Less than $40K,56,Single,1440.0
5300,1,708731658,41,F,Blue,Less than $40K,53,Married,1438.3
5312,1,715954158,36,M,Blue,$40K - $60K,48,Married,2954.0
5313,1,715499058,36,F,Blue,$40K - $60K,36,Married,1848.0
5323,1,709199358,36,M,Blue,Less than $40K,60,Married,3316.0
5341,1,709283358,29,F,Blue,Less than $40K,43,Married,2895.0
5352,1,710570058,25,F,Blue,Less than $40K,44,Single,3101.0
5372,1,715547058,36,F,Blue,Less than $40K,35,Married,2089.0
5384,1,716107158,20,F,Blue,Less than $40K,32,Single,3983.0
5397,1,718296558,31,F,Blue,$40K - $60K,44,Married,1691.0
5415,1,708154833,27,F,Blue,Less than $40K,39,Single,1438.3
5421,1,714614133,36,F,Blue,Less than $40K,53,Married,2819.0
5460,1,789942033,34,M,Blue,$60K - $80K,43,Single,10573.0
5491,1,712734933,36,F,Blue,Less than $40K,43,Married,4020.0
5503,1,713334483,32,M,Blue,$60K - $80K,46,Single,8766.0
5507,1,713025558,38,F,Blue,Less than $40K,53,Single,1438.3
5513,1,809565183,47,F,Blue,Less than $40K,52,Single,1842.0
5520,1,713685033,33,F,Blue,Less than $40K,44,Married,2417.0
5523,1,720941433,41,F,Blue,Less than $40K,53,Married,1547.0
5530,1,711151383,26,F,Blue,Less than $40K,34,Single,2066.0
5542,1,711267633,40,F,Blue,Less than $40K,50,Divorced,4248.0
5547,1,720963258,40,F,Blue,Less than $40K,52,Married,3474.0
5559,1,709460883,28,F,Blue,Less than $40K,38,Married,1614.0
5562,1,787665258,37,F,Blue,Less than $40K,47,Married,1438.3
5566,1,816850458,28,M,Blue,$60K - $80K,33,Married,1698.0
5602,1,771733608,35,F,Blue,$40K - $60K,47,Married,1438.3
5625,1,720930633,46,F,Blue,Less than $40K,58,Single,1977.0
5632,1,822132858,37,M,Blue,$80K - $120K,41,Married,23250.0
5633,1,713526258,36,M,Blue,$120K +,47,Single,34516.0
5650,1,708692583,31,F,Blue,Less than $40K,44,Single,1506.0
5652,1,713815383,36,M,Blue,$80K - $120K,53,Single,11778.0
5656,1,717450633,36,M,Blue,$60K - $80K,47,Single,1659.0
5662,1,715622508,41,M,Blue,$80K - $120K,52,Married,7904.0
5673,1,712479633,20,F,Blue,Less than $40K,31,Single,1695.0
5694,1,814191333,50,M,Blue,$120K +,55,Divorced,24250.0
5724,1,789923058,44,F,Blue,$40K - $60K,53,Married,1816.0
5753,1,714581358,43,F,Blue,Less than $40K,48,Single,1502.0
5765,1,709711758,32,F,Blue,Less than $40K,45,Divorced,1942.0
5766,1,721137558,28,M,Blue,$40K - $60K,40,Divorced,5821.0
5800,1,714102183,36,M,Blue,$120K +,50,Single,7970.0
5829,1,802673508,51,M,Blue,$120K +,57,Single,8760.0
5838,1,718890933,27,F,Blue,Less than $40K,45,Married,1438.3
5851,1,714006333,36,F,Blue,Less than $40K,42,Married,2128.0
5855,1,709534083,36,F,Blue,Less than $40K,58,Divorced,9909.0
5857,1,708949908,42,M,Blue,$120K +,50,Divorced,1656.0
5874,1,779310033,24,F,Blue,Less than $40K,42,Married,4304.0
5878,1,714192933,36,F,Blue,Less than $40K,55,Single,2060.0
5885,1,714287583,32,F,Blue,Less than $40K,41,Married,1438.3
5886,1,718975083,40,F,Blue,Less than $40K,47,Single,2473.0
5892,1,716570958,36,M,Blue,$60K - $80K,50,Divorced,14409.0
5893,1,710116833,36,F,Blue,$40K - $60K,59,Single,1665.0
5907,1,721527858,40,F,Blue,Less than $40K,52,Married,2003.0
5915,1,712927383,36,F,Blue,Less than $40K,51,Single,1438.3
5919,1,711430908,34,F,Blue,Less than $40K,45,Married,1438.3
5925,1,809849358,50,F,Blue,Less than $40K,55,Divorced,1720.0
5931,1,721228308,39,F,Blue,Less than $40K,47,Married,3899.0
5933,1,708708858,36,F,Blue,Less than $40K,50,Single,2422.0
5938,1,789328083,32,F,Blue,Less than $40K,42,Married,3454.0
5941,1,716421633,36,F,Blue,Less than $40K,43,Married,3523.0
5953,1,789662283,33,F,Blue,Less than $40K,50,Married,2140.0
5958,1,711527508,34,F,Blue,$40K - $60K,46,Married,8583.0
6002,1,712578933,25,F,Blue,$40K - $60K,35,Married,1438.3
6013,1,719073483,38,M,Blue,$80K - $120K,45,Married,9234.0
6018,1,719084358,46,F,Blue,Less than $40K,55,Married,4232.0
6025,1,708412758,36,F,Blue,Less than $40K,33,Single,1457.0
6032,1,713158083,46,M,Blue,$120K +,56,Single,7327.0
6040,1,711939558,36,F,Blue,Less than $40K,37,Single,1534.0
6053,1,711531858,41,F,Blue,Less than $40K,48,Married,2447.0
6064,1,772073508,41,F,Blue,Less than $40K,52,Single,1764.0
6066,1,714477408,36,F,Blue,Less than $40K,36,Married,2977.0
6082,1,711801933,36,F,Blue,$40K - $60K,54,Single,1438.3
6083,1,716282208,48,F,Blue,Less than $40K,54,Married,1638.0
6085,1,714045783,29,F,Blue,$40K - $60K,37,Married,2547.0
6088,1,720243933,32,M,Blue,$60K - $80K,47,Married,1789.0
6111,1,714602658,36,F,Blue,Less than $40K,39,Married,1462.0
6112,1,712446783,30,F,Blue,Less than $40K,50,Married,4038.0
6131,1,827451333,50,F,Blue,Less than $40K,54,Married,2247.0
6140,1,717202083,34,M,Blue,$80K - $120K,46,Single,7077.0
6151,1,711507783,42,F,Blue,Less than $40K,54,Single,1694.0
6155,1,716856408,28,F,Blue,Less than $40K,39,Single,1438.3
6190,1,780289308,47,F,Blue,Less than $40K,61,Married,4130.0
6195,1,714503433,36,F,Blue,Less than $40K,57,Married,1615.0
6211,1,717252483,41,F,Blue,Less than $40K,57,Married,2796.0
6213,1,719742108,26,F,Blue,Less than $40K,38,Single,3554.0
6218,1,713463708,25,F,Blue,Less than $40K,40,Single,1438.3
6232,1,708888633,36,M,Blue,$80K - $120K,52,Married,3022.0
6234,1,812406183,40,F,Blue,Less than $40K,45,Single,1438.3
6235,1,714595983,41,F,Blue,$40K - $60K,49,Married,1438.3
6244,1,718653333,33,F,Blue,Less than $40K,45,Single,1833.0
6252,1,712222758,36,F,Blue,Less than $40K,38,Married,2300.0
6265,1,718148358,36,F,Blue,Less than $40K,50,Married,1572.0
6271,1,794507133,18,F,Blue,$40K - $60K,37,Single,1900.0
6282,1,767266758,34,F,Blue,Less than $40K,41,Single,1661.0
6294,1,714962658,36,M,Blue,Less than $40K,35,Single,1931.0
6295,1,717429258,39,F,Blue,Less than $40K,48,Single,1644.0
6301,1,713336883,36,F,Blue,Less than $40K,61,Single,1760.0
6304,1,809626983,43,F,Blue,Less than $40K,48,Married,1670.0
6323,1,714475908,35,M,Blue,$60K - $80K,43,Single,6348.0
6325,1,716790633,36,M,Blue,$60K - $80K,43,Married,17239.0
6347,1,713312208,43,M,Blue,$40K - $60K,53,Married,3146.0
6356,1,779844408,27,F,Blue,Less than $40K,43,Married,1438.3
6365,1,714188883,37,F,Blue,Less than $40K,46,Single,1787.0
6373,1,709307808,36,F,Blue,$40K - $60K,59,Married,4375.0
6380,1,718826883,36,M,Blue,$80K - $120K,50,Single,6925.0
6384,1,815504583,43,F,Blue,$40K - $60K,48,Single,1538.0
6388,1,709891608,24,M,Blue,$120K +,41,Married,9924.0
6402,1,713804883,37,F,Blue,Less than $40K,46,Single,1836.0
6419,1,714684933,28,F,Blue,Less than $40K,40,Married,3680.0
6440,1,720815208,39,M,Blue,$120K +,52,Single,34516.0
6446,1,798972183,43,F,Blue,$40K - $60K,49,Single,1643.0
6465,1,711221958,26,F,Blue,$40K - $60K,43,Single,2867.0
6484,1,779279883,42,F,Blue,Less than $40K,60,Married,1438.3
6491,1,712953483,36,F,Blue,Less than $40K,64,Single,1682.0
6492,1,779029458,35,F,Blue,Less than $40K,54,Single,1724.0
6501,1,765459858,40,M,Blue,Less than $40K,47,Divorced,6397.0
6543,1,711846183,26,F,Blue,$40K - $60K,38,Single,2669.0
6547,1,757854858,43,M,Blue,$60K - $80K,50,Married,3143.0
6551,1,714319233,36,M,Blue,$60K - $80K,44,Divorced,6538.0
6559,1,709232808,34,F,Blue,$40K - $60K,44,Divorced,1689.0
6561,1,711474333,51,F,Blue,Less than $40K,57,Single,1614.0
6576,1,716122008,35,F,Blue,Less than $40K,44,Married,1855.0
6582,1,717219933,35,F,Blue,Less than $40K,47,Single,2402.0
6583,1,719986758,33,F,Blue,$40K - $60K,46,Single,3001.0
6603,1,818459733,26,M,Blue,$120K +,41,Single,9220.0
6606,1,810271083,42,F,Blue,$40K - $60K,47,Single,14897.0
6660,1,710727333,36,F,Blue,Less than $40K,49,Married,1763.0
6664,1,715400733,36,F,Blue,$40K - $60K,43,Married,1438.3
6673,1,794554683,26,F,Blue,Less than $40K,41,Married,3159.0
6715,1,711237633,29,M,Blue,$60K - $80K,49,Married,1460.0
6720,1,769883733,40,M,Blue,$40K - $60K,46,Single,2344.0
6739,1,708606633,44,F,Blue,$40K - $60K,56,Married,1544.0
6790,1,713466033,36,F,Blue,Less than $40K,39,Divorced,2092.0
6801,1,709064208,32,F,Blue,Less than $40K,43,Single,1628.0
6810,1,719630358,36,F,Blue,Less than $40K,50,Married,3546.0
6822,1,717255333,36,M,Blue,$80K - $120K,40,Single,6921.0
6826,1,708793008,35,M,Blue,$80K - $120K,46,Divorced,9949.0
6870,1,719516208,36,M,Blue,$120K +,54,Single,34516.0
6871,1,717026658,32,F,Blue,Less than $40K,43,Married,1897.0
6891,1,766021083,48,F,Blue,Less than $40K,55,Single,2114.0
6907,1,709649958,46,M,Silver,$60K - $80K,62,Divorced,28229.0
6913,1,717072108,36,F,Blue,$40K - $60K,50,Single,2762.0
6924,1,719577258,30,F,Blue,Less than $40K,43,Divorced,6811.0
6927,1,772528158,45,F,Blue,Less than $40K,55,Single,1741.0
6945,1,712531008,34,M,Blue,$120K +,43,Married,24868.0
6995,1,719881533,34,M,Silver,$40K - $60K,46,Married,16547.0
7009,1,711274458,27,F,Blue,Less than $40K,38,Married,1438.3
7021,1,772407333,30,F,Blue,Less than $40K,41,Married,1654.0
7028,1,720654183,35,M,Blue,$80K - $120K,45,Married,23542.0
7031,1,779348358,37,F,Blue,Less than $40K,52,Single,1717.0
7039,1,817108083,35,M,Blue,$60K - $80K,55,Single,14266.0
7070,1,708736608,27,M,Blue,$120K +,40,Married,2269.0
7082,1,826709658,41,F,Blue,$40K - $60K,45,Divorced,1477.0
7126,1,788835408,33,F,Blue,Less than $40K,49,Married,2910.0
7128,1,712327608,36,F,Blue,Less than $40K,54,Single,2708.0
7133,1,712982808,32,M,Blue,$80K - $120K,47,Divorced,1438.3
7135,1,715222533,36,F,Blue,Less than $40K,52,Married,2566.0
7143,1,708373083,30,F,Blue,$40K - $60K,40,Married,3356.0
7150,1,712552608,34,F,Blue,Less than $40K,46,Married,1438.3
7172,1,708972783,37,F,Blue,Less than $40K,48,Married,1745.0
7175,1,767553333,39,M,Blue,$80K - $120K,45,Single,8383.0
7189,1,714013983,36,F,Blue,Less than $40K,37,Married,1586.0
7203,1,713957283,23,F,Blue,Less than $40K,42,Married,3214.0
7207,1,815539233,49,M,Silver,$80K - $120K,54,Single,34516.0
7223,1,720872433,28,F,Blue,$40K - $60K,39,Single,3911.0
7241,1,708976908,36,M,Blue,$80K - $120K,40,Single,8958.0
7253,1,771422883,45,F,Blue,Less than $40K,57,Married,1759.0
7266,1,708498033,36,F,Blue,Less than $40K,44,Married,2279.0
7273,1,713512308,41,F,Blue,Less than $40K,50,Single,3423.0
7277,1,711201108,29,F,Blue,Less than $40K,37,Single,1653.0
7280,1,714887808,36,F,Blue,Less than $40K,43,Single,1818.0
7317,1,717371583,36,F,Blue,Less than $40K,56,Single,1883.0
7324,1,712163433,29,M,Blue,$40K - $60K,47,Married,1684.0
7330,1,711487533,38,F,Blue,Less than $40K,47,Married,1438.3
7331,1,715306983,36,M,Blue,$60K - $80K,42,Married,1866.0
7333,1,789637308,39,F,Blue,$40K - $60K,45,Divorced,3076.0
7344,1,714520233,36,F,Blue,Less than $40K,59,Married,1708.0
7350,1,717725433,44,F,Blue,$40K - $60K,54,Married,1606.0
7372,1,710690733,35,F,Blue,Less than $40K,47,Married,1666.0
7376,1,779084208,24,F,Blue,Less than $40K,43,Divorced,1662.0
7380,1,715950483,27,F,Blue,$40K - $60K,39,Married,2821.0
7390,1,789095958,38,M,Blue,$60K - $80K,50,Single,7603.0
7391,1,713736333,36,F,Blue,$40K - $60K,41,Married,3606.0
7413,1,713953383,36,M,Blue,$60K - $80K,50,Single,2317.0
7419,1,719740008,41,F,Blue,Less than $40K,51,Married,2791.0
7421,1,711605208,43,M,Blue,$80K - $120K,61,Married,1438.3
7459,1,716099958,31,F,Blue,$40K - $60K,39,Married,3333.0
7466,1,712593933,36,M,Blue,$40K - $60K,40,Married,2313.0
7478,1,710500983,34,M,Blue,$80K - $120K,43,Single,4617.0
7483,1,711904008,36,M,Blue,$60K - $80K,40,Married,5869.0
7489,1,720731808,38,F,Blue,Less than $40K,52,Single,2437.0
7493,1,715919283,36,F,Blue,$40K - $60K,39,Single,1776.0
7529,1,712843983,36,F,Blue,Less than $40K,41,Divorced,1569.0
7550,1,779380908,39,M,Blue,$80K - $120K,51,Married,24462.0
7586,1,713381433,28,F,Blue,Less than $40K,38,Married,4196.0
7604,1,720507108,28,F,Blue,Less than $40K,42,Married,1601.0
7605,1,716751858,36,F,Blue,Less than $40K,34,Married,2401.0
7606,1,712829808,29,M,Blue,$60K - $80K,39,Married,2187.0
7613,1,779302233,22,F,Blue,Less than $40K,40,Single,1438.3
7618,1,717042333,44,F,Blue,Less than $40K,53,Married,1473.0
7649,1,715847058,36,F,Blue,Less than $40K,59,Divorced,1863.0
7660,1,715146558,36,F,Blue,Less than $40K,34,Married,1696.0
7663,1,710438358,35,F,Blue,Less than $40K,42,Single,3241.0
7664,1,712562433,30,F,Blue,Less than $40K,48,Married,4204.0
7666,1,713717283,29,F,Blue,$40K - $60K,40,Single,2473.0
7667,1,713822208,33,M,Blue,$60K - $80K,42,Single,4836.0
7670,1,718230933,36,M,Blue,Less than $40K,45,Single,1438.3
7672,1,711637458,36,F,Blue,Less than $40K,44,Single,2228.0
7699,1,713772333,34,F,Blue,Less than $40K,45,Divorced,3223.0
7748,1,709850508,20,F,Blue,Less than $40K,33,Married,3202.0
7761,1,708276183,45,F,Blue,Less than $40K,52,Married,1760.0
7768,1,716694108,34,M,Blue,$120K +,42,Married,5195.0
7786,1,720766908,28,F,Blue,Less than $40K,40,Single,3021.0
7803,1,716299608,36,F,Blue,Less than $40K,58,Divorced,1508.0
7810,1,719512983,39,F,Blue,Less than $40K,47,Single,1438.3
7835,1,806914158,33,F,Blue,$40K - $60K,38,Married,4047.0
7846,1,793630083,33,M,Blue,$120K +,39,Single,1726.0
7849,1,712900308,34,F,Blue,Less than $40K,44,Single,1751.0
7855,1,780660183,32,F,Blue,Less than $40K,43,Divorced,8203.0
7856,1,720761208,47,M,Blue,$120K +,59,Single,4789.0
7857,1,788794758,28,M,Blue,$40K - $60K,46,Single,2979.0
7858,1,711150333,31,F,Blue,Less than $40K,40,Single,2391.0
7870,1,808903308,49,F,Blue,$40K - $60K,54,Married,2471.0
7893,1,711448983,34,F,Blue,Less than $40K,47,Married,2234.0
7897,1,713726958,21,F,Blue,Less than $40K,40,Married,1728.0
7901,1,712715208,44,M,Blue,$80K - $120K,52,Single,3770.0
7902,1,778899708,37,F,Blue,$40K - $60K,56,Single,2963.0
7914,1,709079883,36,F,Blue,Less than $40K,45,Married,1663.0
7915,1,721406658,36,F,Blue,Less than $40K,32,Divorced,1732.0
7932,1,714930333,30,M,Blue,$80K - $120K,39,Married,4618.0
7943,1,717489033,18,F,Blue,Less than $40K,27,Single,1438.3
7948,1,714424533,36,F,Blue,Less than $40K,41,Married,1655.0
7953,1,713748708,37,F,Blue,Less than $40K,46,Single,1438.3
7966,1,717409533,26,F,Blue,Less than $40K,36,Single,1821.0
7970,1,787452333,25,F,Blue,Less than $40K,39,Married,2024.0
7971,1,709520058,38,M,Blue,$120K +,53,Married,19138.0
7974,1,711800658,36,F,Blue,Less than $40K,42,Single,2145.0
7976,1,712279683,36,M,Blue,$60K - $80K,44,Married,9114.0
7995,1,709362033,42,F,Blue,Less than $40K,52,Married,1471.0
7996,1,719860308,36,F,Blue,Less than $40K,42,Married,1438.3
7997,1,714443058,28,F,Blue,Less than $40K,43,Married,1484.0
7998,1,716315508,36,F,Blue,$40K - $60K,37,Married,3233.0
8008,1,720401658,34,F,Blue,Less than $40K,53,Single,1438.3
8012,1,714484008,31,F,Blue,Less than $40K,49,Married,1567.0
8036,1,715904433,34,F,Blue,$40K - $60K,42,Married,1695.0
8044,1,708266883,36,F,Blue,Less than $40K,34,Single,1666.0
8051,1,711722808,44,F,Blue,Less than $40K,51,Single,1483.0
8065,1,787339158,50,M,Blue,$80K - $120K,56,Married,8688.0
8084,1,720190083,39,F,Blue,Less than $40K,56,Single,1632.0
8085,1,708323208,36,F,Blue,Less than $40K,49,Married,1522.0
8109,1,778819083,33,F,Blue,$40K - $60K,41,Married,1604.0
8120,1,713027058,36,F,Blue,Less than $40K,46,Single,2292.0
8123,1,719821908,16,F,Blue,Less than $40K,38,Single,2703.0
8131,1,714197133,36,F,Blue,$40K - $60K,51,Married,4762.0
8146,1,717502083,28,M,Blue,$120K +,41,Single,6314.0
8148,1,709745508,47,F,Blue,$40K - $60K,58,Divorced,2295.0
8149,1,711382458,38,M,Blue,$60K - $80K,43,Married,1438.3
8152,1,709102458,36,M,Blue,$80K - $120K,47,Single,4754.0
8161,1,807946833,39,F,Blue,Less than $40K,44,Single,1791.0
8177,1,785237958,39,M,Blue,$60K - $80K,45,Married,3439.0
8181,1,719123958,27,M,Blue,$60K - $80K,40,Divorced,5051.0
8186,1,712660308,36,F,Blue,Less than $40K,44,Single,1895.0
8193,1,819612933,47,M,Blue,$80K - $120K,52,Single,25410.0
8201,1,824560758,31,F,Blue,Less than $40K,35,Single,1678.0
8220,1,779859558,38,F,Blue,Less than $40K,54,Married,2452.0
8259,1,713931258,45,F,Blue,Less than $40K,56,Married,1438.3
8315,1,778191933,35,M,Blue,$120K +,45,Single,7135.0
8332,1,711298458,26,F,Blue,Less than $40K,39,Married,2190.0
8334,1,715773783,35,F,Blue,$40K - $60K,44,Single,4196.0
8337,1,712747758,36,F,Blue,Less than $40K,50,Single,2477.0
8339,1,750995508,32,M,Blue,$60K - $80K,41,Single,4697.0
8350,1,709222008,32,M,Blue,$80K - $120K,41,Single,4742.0
8357,1,718742808,46,F,Blue,$40K - $60K,55,Married,4629.0
8378,1,708416433,36,F,Blue,Less than $40K,41,Single,2372.0
8379,1,779183958,33,F,Blue,Less than $40K,45,Single,1492.0
8403,1,711922158,45,F,Blue,Less than $40K,57,Married,1860.0
8425,1,719868183,30,F,Blue,$40K - $60K,42,Married,1456.0
8431,1,767404083,45,M,Blue,$60K - $80K,52,Single,3460.0
8450,1,712683633,36,F,Blue,Less than $40K,32,Married,1438.3
8464,1,708885558,48,F,Blue,Less than $40K,56,Single,3556.0
8503,1,719759733,52,F,Blue,$40K - $60K,59,Single,1852.0
8545,1,714276408,36,F,Blue,$40K - $60K,52,Single,1915.0
8551,1,711232608,36,F,Blue,Less than $40K,47,Single,1636.0
8558,1,807379833,43,M,Blue,$40K - $60K,48,Divorced,9104.0
8564,1,778860783,38,M,Blue,$120K +,57,Divorced,24379.0
8574,1,787482033,48,M,Blue,$80K - $120K,60,Divorced,28930.0
8661,1,789312033,38,F,Blue,Less than $40K,48,Single,3874.0
8700,1,712925808,36,F,Blue,$40K - $60K,51,Married,2710.0
8757,1,712075083,41,M,Blue,$120K +,50,Single,6982.0
8767,1,811700058,36,M,Gold,$60K - $80K,41,Single,34516.0
8769,1,720164358,43,F,Blue,$40K - $60K,53,Single,6058.0
8775,1,712058133,36,F,Blue,Less than $40K,54,Single,2274.0
8788,1,769152783,54,F,Blue,Less than $40K,60,Single,8141.0
8814,1,789560433,42,M,Blue,$60K - $80K,49,Single,14895.0
8833,1,780450708,45,M,Silver,$120K +,58,Single,34516.0
8857,1,714342033,34,M,Blue,$120K +,52,Married,34516.0
8858,1,788811558,35,F,Blue,Less than $40K,52,Married,1959.0
8863,1,714077583,31,M,Platinum,$40K - $60K,43,Married,23981.0
8864,1,720939933,33,F,Blue,Less than $40K,46,Single,2879.0
8881,1,757667133,47,M,Blue,$80K - $120K,54,Single,13769.0
8888,1,714938733,38,M,Blue,$80K - $120K,48,Single,13174.0
8905,1,790051758,42,M,Blue,$120K +,50,Single,31782.0
8911,1,807393558,46,M,Silver,$120K +,51,Single,34516.0
8928,1,711167808,30,M,Blue,$60K - $80K,40,Single,18975.0
8959,1,793608258,48,F,Silver,Less than $40K,54,Single,13432.0
8999,1,713003358,30,M,Blue,$80K - $120K,40,Single,29338.0
9010,1,720655833,30,F,Blue,Less than $40K,48,Married,2913.0
9017,1,712157958,36,M,Blue,$80K - $120K,44,Married,10908.0
9063,1,711249858,38,M,Blue,$80K - $120K,49,Married,29890.0
9158,1,713131158,46,M,Blue,$80K - $120K,58,Single,10286.0
9162,1,716441058,36,F,Silver,Less than $40K,45,Single,14416.0
9163,1,718113633,36,M,Blue,$120K +,41,Married,34516.0
9172,1,710064033,28,M,Blue,$40K - $60K,45,Married,4572.0
9194,1,812247033,46,F,Blue,Less than $40K,51,Married,3536.0
9195,1,717580458,36,M,Blue,$80K - $120K,43,Divorced,19333.0
9201,1,710161083,36,F,Blue,Less than $40K,62,Single,5780.0
9212,1,711826983,36,F,Blue,$40K - $60K,47,Married,5822.0
9226,1,714941358,36,F,Blue,Less than $40K,53,Married,4005.0
9227,1,716088783,50,M,Blue,$80K - $120K,60,Married,29239.0
9228,1,718458858,29,M,Silver,$80K - $120K,41,Single,34516.0
9240,1,717529233,30,F,Blue,Less than $40K,40,Single,3319.0
9244,1,711794358,50,M,Blue,$80K - $120K,61,Single,21398.0
9266,1,719694408,36,F,Blue,Less than $40K,30,Single,4541.0
9277,1,811076883,40,M,Blue,$40K - $60K,45,Married,7979.0
9280,1,716863458,36,M,Silver,$80K - $120K,44,Single,34516.0
9299,1,710455608,36,M,Blue,$80K - $120K,40,Single,4620.0
9307,1,717571683,34,F,Gold,$40K - $60K,47,Married,23981.0
9369,1,708662583,29,M,Silver,$60K - $80K,41,Married,27945.0
9388,1,714361083,36,F,Blue,Less than $40K,40,Single,5989.0
9389,1,714608583,36,M,Blue,$120K +,45,Divorced,5287.0
9408,1,712265508,14,M,Blue,$40K - $60K,32,Single,4015.0
9425,1,802622733,34,F,Blue,$40K - $60K,44,Single,3657.0
9457,1,708805908,18,M,Silver,Less than $40K,30,Married,10017.0
9482,1,720748608,32,M,Blue,$40K - $60K,44,Divorced,3575.0
9492,1,710162133,36,M,Blue,$80K - $120K,41,Married,4725.0
9498,1,715542783,24,F,Blue,Less than $40K,33,Married,3731.0
9504,1,770766633,14,F,Blue,Less than $40K,28,Single,3848.0
9530,1,711432258,46,M,Blue,$60K - $80K,55,Single,4178.0
9533,1,714294183,44,M,Blue,$80K - $120K,54,Divorced,9580.0
9564,1,761079783,33,M,Blue,$60K - $80K,40,Married,5500.0
9565,1,787518258,38,M,Blue,$120K +,49,Married,8549.0
9567,1,769396158,43,M,Blue,$80K - $120K,55,Single,24884.0
9599,1,769667583,28,M,Blue,$40K - $60K,34,Single,3744.0
9613,1,770977833,23,M,Blue,Less than $40K,36,Married,3920.0
9625,1,710153583,13,F,Blue,Less than $40K,30,Married,6075.0
9641,1,779333883,33,F,Blue,Less than $40K,51,Married,7428.0
9687,1,710155983,36,M,Blue,$40K - $60K,52,Single,4826.0
9688,1,779571708,25,M,Blue,$60K - $80K,43,Married,4259.0
9693,1,713318733,24,M,Blue,$60K - $80K,32,Single,4097.0
9708,1,711161133,36,F,Blue,Less than $40K,36,Single,6071.0
9740,1,757247808,35,F,Blue,Less than $40K,42,Married,5230.0
9769,1,708340758,32,M,Blue,Less than $40K,41,Married,7769.0
9776,1,718376583,44,M,Silver,$80K - $120K,52,Divorced,34516.0
9777,1,720827133,30,F,Blue,Less than $40K,43,Single,6261.0
9787,1,710527533,36,M,Blue,$40K - $60K,45,Single,4982.0
9788,1,709996833,36,M,Silver,Less than $40K,31,Single,12359.0
9793,1,714022833,32,F,Silver,$40K - $60K,42,Single,17909.0
9808,1,714145233,24,M,Silver,$80K - $120K,34,Divorced,34516.0
9809,1,719547033,31,M,Blue,$80K - $120K,40,Married,23502.0
9811,1,789432033,23,F,Blue,Less than $40K,32,Married,4065.0
9812,1,717214158,28,M,Blue,$40K - $60K,41,Married,9815.0
9823,1,713347608,43,F,Blue,Less than $40K,54,Single,4917.0
9846,1,758753283,45,M,Blue,$120K +,52,Married,34516.0
9854,1,712941483,43,F,Silver,$40K - $60K,51,Married,3735.0
9860,1,778888083,26,F,Blue,$40K - $60K,45,Married,4307.0
9868,1,718665033,36,M,Silver,$60K - $80K,44,Single,34140.0
9875,1,718299933,30,M,Blue,$40K - $60K,42,Married,4333.0
9878,1,720618033,36,F,Blue,$40K - $60K,43,Married,9633.0
9882,1,770743983,20,F,Blue,$40K - $60K,34,Single,8698.0
9884,1,711283008,36,M,Silver,$80K - $120K,50,Single,34516.0
9889,1,708821733,36,F,Silver,$40K - $60K,43,Single,19713.0
9897,1,710751033,13,F,Blue,Less than $40K,31,Single,4829.0
9898,1,710679933,54,M,Blue,$80K - $120K,59,Single,15633.0
9905,1,718298733,29,M,Blue,$80K - $120K,40,Single,12978.0
9907,1,714543633,36,F,Blue,Less than $40K,45,Single,7500.0
9928,1,770824833,19,M,Blue,$40K - $60K,32,Divorced,3657.0
9936,1,709977933,44,M,Blue,$80K - $120K,52,Married,9959.0
9949,1,716708583,36,M,Blue,$120K +,54,Married,7684.0
9954,1,714879483,31,M,Blue,$80K - $120K,39,Married,3929.0
9963,1,717774333,36,M,Blue,$60K - $80K,48,Married,8431.0
9977,1,711433908,30,F,Blue,Less than $40K,41,Married,9491.0
9984,1,712509108,36,F,Gold,Less than $40K,46,Single,15164.0
9988,1,710721858,37,F,Blue,$40K - $60K,46,Married,5542.0
10001,1,714945708,20,M,Silver,$40K - $60K,33,Single,15977.0
10016,1,718840833,36,M,Blue,$40K - $60K,49,Single,4601.0
10018,1,709566408,30,F,Blue,Less than $40K,40,Single,4458.0
10022,1,716832858,34,M,Blue,$60K - $80K,46,Married,4930.0
10024,1,789497283,42,M,Blue,$120K +,50,Single,34162.0
10042,1,779900808,16,M,Blue,$60K - $80K,32,Single,21551.0
10047,1,715493733,36,M,Blue,$40K - $60K,53,Married,5735.0
10048,1,827440458,44,M,Blue,$80K - $120K,48,Married,9524.0
10049,1,715713408,46,M,Gold,Less than $40K,55,Married,15987.0
10065,1,709865883,25,M,Silver,$60K - $80K,38,Divorced,26794.0
10089,1,720328983,36,F,Blue,Less than $40K,52,Married,9611.0
10098,1,716644008,36,M,Silver,$120K +,55,Single,34516.0
10099,1,709094358,41,F,Blue,Less than $40K,51,Single,8900.0
10105,1,709646433,50,F,Blue,Less than $40K,59,Married,5043.0
10108,1,714471183,39,M,Blue,$80K - $120K,47,Divorced,17504.0
10109,1,780613758,35,M,Blue,Less than $40K,47,Single,4165.0
10112,1,708564858,20,M,Gold,$120K +,33,Married,34516.0
10114,1,720841533,15,M,Blue,Less than $40K,29,Married,4700.0
10124,1,716506083,36,F,Blue,Less than $40K,44,Married,5409.0
